Designator,Mid X,Mid Y,Rotation,Layer
FB1,167.766363,-55.43843,315.0,top
J1,172.599958,-57.244985,270.0,top
J2,162.897208,-57.149952,180.0,top
